,Unique ID ,Parent,Name,Tier 1,Tier 2,Tier 3,Tier 4
0,1,,Automotive,Automotive,,,
1,2,1,Auto Body Styles,Automotive,Auto Body Styles,,
2,3,2,Commercial Trucks,Automotive,Auto Body Styles,Commercial Trucks,
3,4,2,Sedan,Automotive,Auto Body Styles,Sedan,
4,5,2,Station Wagon,Automotive,Auto Body Styles,Station Wagon,
5,6,2,SUV,Automotive,Auto Body Styles,SUV,
6,7,2,Van,Automotive,Auto Body Styles,Van,
7,8,2,Convertible,Automotive,Auto Body Styles,Convertible,
8,9,2,Coupe,Automotive,Auto Body Styles,Coupe,
9,10,2,Crossover,Automotive,Auto Body Styles,Crossover,
10,11,2,Hatchback,Automotive,Auto Body Styles,Hatchback,
11,12,2,Microcar,Automotive,Auto Body Styles,Microcar,
12,13,2,Minivan,Automotive,Auto Body Styles,Minivan,
13,14,2,Off-Road Vehicles,Automotive,Auto Body Styles,Off-Road Vehicles,
14,15,2,Pickup Trucks,Automotive,Auto Body Styles,Pickup Trucks,
15,16,1,Auto Type,Automotive,Auto Type,,
16,17,16,Budget Cars,Automotive,Auto Type,Budget Cars,
17,18,16,Certified Pre-Owned Cars,Automotive,Auto Type,Certified Pre-Owned Cars,
18,19,16,Classic Cars,Automotive,Auto Type,Classic Cars,
19,20,16,Concept Cars,Automotive,Auto Type,Concept Cars,
20,21,16,Driverless Cars,Automotive,Auto Type,Driverless Cars,
21,22,16,Green Vehicles,Automotive,Auto Type,Green Vehicles,
22,23,16,Luxury Cars,Automotive,Auto Type,Luxury Cars,
23,24,16,Performance Cars,Automotive,Auto Type,Performance Cars,
24,25,1,Car Culture,Automotive,Car Culture,,
25,26,1,Dash Cam Videos,Automotive,Dash Cam Videos,,
26,27,1,Motorcycles,Automotive,Motorcycles,,
27,28,1,Road-Side Assistance,Automotive,Road-Side Assistance,,
28,29,1,Scooters,Automotive,Scooters,,
29,30,1,Auto Buying and Selling,Automotive,Auto Buying and Selling,,
30,31,1,Auto Insurance,Automotive,Auto Insurance,,
31,32,1,Auto Parts,Automotive,Auto Parts,,
32,33,1,Auto Recalls,Automotive,Auto Recalls,,
33,34,1,Auto Repair,Automotive,Auto Repair,,
34,35,1,Auto Safety,Automotive,Auto Safety,,
35,36,1,Auto Shows,Automotive,Auto Shows,,
36,37,1,Auto Technology,Automotive,Auto Technology,,
37,38,37,Auto Infotainment Technologies,Automotive,Auto Technology,Auto Infotainment Technologies,
38,39,37,Auto Navigation Systems,Automotive,Auto Technology,Auto Navigation Systems,
39,40,37,Auto Safety Technologies,Automotive,Auto Technology,Auto Safety Technologies,
40,41,1,Auto Rentals,Automotive,Auto Rentals,,
41,42,,Books and Literature,Books and Literature,,,
42,43,42,Art and Photography,Books and Literature,Art and Photography,,
43,46,42,Comics and Graphic Novels,Books and Literature,Comics and Graphic Novels,,
44,48,42,Fiction,Books and Literature,Fiction,,
45,49,42,Poetry,Books and Literature,Poetry,,
46,52,,Business and Finance,Business and Finance,,,
47,53,52,Business,Business and Finance,Business,,
48,54,53,Business Accounting & Finance,Business and Finance,Business,Business Accounting & Finance,
49,55,53,Human Resources,Business and Finance,Business,Human Resources,
50,56,53,Large Business,Business and Finance,Business,Large Business,
51,57,53,Logistics,Business and Finance,Business,Logistics,
52,58,53,Marketing and Advertising,Business and Finance,Business,Marketing and Advertising,
53,59,53,Sales,Business and Finance,Business,Sales,
54,60,53,Small and Medium-sized Business,Business and Finance,Business,Small and Medium-sized Business,
55,61,53,Startups,Business and Finance,Business,Startups,
56,62,53,Business Administration,Business and Finance,Business,Business Administration,
57,63,53,Business Banking & Finance,Business and Finance,Business,Business Banking & Finance,
58,64,63,Angel Investment,Business and Finance,Business,Business Banking & Finance,Angel Investment
59,65,63,Bankruptcy,Business and Finance,Business,Business Banking & Finance,Bankruptcy
60,66,63,Business Loans,Business and Finance,Business,Business Banking & Finance,Business Loans
61,67,63,Debt Factoring & Invoice Discounting,Business and Finance,Business,Business Banking & Finance,Debt Factoring & Invoice Discounting
62,68,63,Mergers and Acquisitions,Business and Finance,Business,Business Banking & Finance,Mergers and Acquisitions
63,69,63,Private Equity,Business and Finance,Business,Business Banking & Finance,Private Equity
64,70,63,Sale & Lease Back,Business and Finance,Business,Business Banking & Finance,Sale & Lease Back
65,71,63,Venture Capital,Business and Finance,Business,Business Banking & Finance,Venture Capital
66,72,53,Business I.T.,Business and Finance,Business,Business I.T.,
67,73,53,Business Operations,Business and Finance,Business,Business Operations,
68,74,53,Consumer Issues,Business and Finance,Business,Consumer Issues,
69,75,74,Recalls,Business and Finance,Business,Consumer Issues,Recalls
70,76,53,Executive Leadership & Management,Business and Finance,Business,Executive Leadership & Management,
71,77,53,Government Business,Business and Finance,Business,Government Business,
72,78,53,Green Solutions,Business and Finance,Business,Green Solutions,
73,79,53,Business Utilities,Business and Finance,Business,Business Utilities,
74,80,52,Economy,Business and Finance,Economy,,
75,81,80,Commodities,Business and Finance,Economy,Commodities,
76,82,80,Currencies,Business and Finance,Economy,Currencies,
77,83,80,Financial Crisis,Business and Finance,Economy,Financial Crisis,
78,84,80,Financial Reform,Business and Finance,Economy,Financial Reform,
79,85,80,Financial Regulation,Business and Finance,Economy,Financial Regulation,
80,86,80,Gasoline Prices,Business and Finance,Economy,Gasoline Prices,
81,87,80,Housing Market,Business and Finance,Economy,Housing Market,
82,88,80,Interest Rates,Business and Finance,Economy,Interest Rates,
83,89,80,Job Market,Business and Finance,Economy,Job Market,
84,90,52,Industries,Business and Finance,Industries,,
85,91,90,Advertising Industry,Business and Finance,Industries,Advertising Industry,
86,92,90,Education industry,Business and Finance,Industries,Education industry,
87,93,90,Entertainment Industry,Business and Finance,Industries,Entertainment Industry,
88,94,90,Environmental Services Industry,Business and Finance,Industries,Environmental Services Industry,
89,95,90,Financial Industry,Business and Finance,Industries,Financial Industry,
90,96,90,Food Industry,Business and Finance,Industries,Food Industry,
91,97,90,Healthcare Industry,Business and Finance,Industries,Healthcare Industry,
92,98,90,Hospitality Industry,Business and Finance,Industries,Hospitality Industry,
93,99,90,Information Services Industry,Business and Finance,Industries,Information Services Industry,
94,100,90,Legal Services Industry,Business and Finance,Industries,Legal Services Industry,
95,101,90,Logistics and Transportation Industry,Business and Finance,Industries,Logistics and Transportation Industry,
96,102,90,Agriculture,Business and Finance,Industries,Agriculture,
97,103,90,Management Consulting Industry,Business and Finance,Industries,Management Consulting Industry,
98,104,90,Manufacturing Industry,Business and Finance,Industries,Manufacturing Industry,
99,105,90,Mechanical and Industrial Engineering Industry,Business and Finance,Industries,Mechanical and Industrial Engineering Industry,
100,106,90,Media Industry,Business and Finance,Industries,Media Industry,
101,107,90,Metals Industry,Business and Finance,Industries,Metals Industry,
102,108,90,Non-Profit Organizations,Business and Finance,Industries,Non-Profit Organizations,
103,109,90,Pharmaceutical Industry,Business and Finance,Industries,Pharmaceutical Industry,
104,110,90,Power and Energy Industry,Business and Finance,Industries,Power and Energy Industry,
105,111,90,Publishing Industry,Business and Finance,Industries,Publishing Industry,
106,112,90,Real Estate Industry,Business and Finance,Industries,Real Estate Industry,
107,113,90,Apparel Industry,Business and Finance,Industries,Apparel Industry,
108,114,90,Retail Industry,Business and Finance,Industries,Retail Industry,
109,115,90,Technology Industry,Business and Finance,Industries,Technology Industry,
110,116,90,Telecommunications Industry,Business and Finance,Industries,Telecommunications Industry,
111,117,90,Automotive Industry,Business and Finance,Industries,Automotive Industry,
112,118,90,Aviation Industry,Business and Finance,Industries,Aviation Industry,
113,119,90,Biotech and Biomedical Industry,Business and Finance,Industries,Biotech and Biomedical Industry,
114,120,90,Civil Engineering Industry,Business and Finance,Industries,Civil Engineering Industry,
115,121,90,Construction Industry,Business and Finance,Industries,Construction Industry,
116,122,90,Defense Industry,Business and Finance,Industries,Defense Industry,
117,123,,Careers,Careers,,,
118,124,123,Apprenticeships,Careers,Apprenticeships,,
119,125,123,Career Advice,Careers,Career Advice,,
120,126,123,Career Planning,Careers,Career Planning,,
121,127,123,Job Search,Careers,Job Search,,
122,128,127,Job Fairs,Careers,Job Search,Job Fairs,
123,129,127,Resume Writing and Advice,Careers,Job Search,Resume Writing and Advice,
124,130,123,Remote Working,Careers,Remote Working,,
125,131,123,Vocational Training,Careers,Vocational Training,,
126,132,,Education,Education,,,
127,133,132,Adult Education,Education,Adult Education,,
128,134,132,Private School,Education,Private School,,
129,135,132,Secondary Education,Education,Secondary Education,,
130,136,132,Special Education,Education,Special Education,,
131,137,132,College Education,Education,College Education,,
132,138,137,College Planning,Education,College Education,College Planning,
133,139,137,Postgraduate Education,Education,College Education,Postgraduate Education,
134,140,139,Professional School,Education,College Education,Postgraduate Education,Professional School
135,141,137,Undergraduate Education,Education,College Education,Undergraduate Education,
136,142,132,Early Childhood Education,Education,Early Childhood Education,,
137,143,132,Educational Assessment,Education,Educational Assessment,,
138,144,143,Standardized Testing,Education,Educational Assessment,Standardized Testing,
139,145,132,Homeschooling,Education,Homeschooling,,
140,146,132,Homework and Study,Education,Homework and Study,,
141,147,132,Language Learning,Education,Language Learning,,
142,148,132,Online Education,Education,Online Education,,
143,149,132,Primary Education,Education,Primary Education,,
144,8VZQHL,,Events,Events,,,
145,162,8VZQHL,Awards Shows,Events,Awards Shows,,
146,180,8VZQHL,Business Expos & Conferences,Events,Business Expos & Conferences,,
147,185,8VZQHL,Fan Conventions,Events,Fan Conventions,,
148,1KXCLD,,Holidays,Holidays,,,
149,157,1KXCLD,National & Civic Holidays,Holidays,National & Civic Holidays,,
150,150,150,Attractions,Attractions,,,
151,151,150,Amusement and Theme Parks,Attractions,Amusement and Theme Parks,,
152,153,150,Historic Site and Landmark Tours,Attractions,Historic Site and Landmark Tours,,
153,154,150,Malls & Shopping Centers,Attractions,Malls & Shopping Centers,,
154,155,150,Museums & Galleries,Attractions,Museums & Galleries,,
155,158,150,Nightclubs,Attractions,Nightclubs,,
156,159,150,Outdoor Attractions,Attractions,Outdoor Activities,,
157,160,150,Parks,Attractions,Parks & Nature,,
158,177,150,Theater Venues,Attractions,Theater Venues,,
159,178,150,Zoos & Aquariums,Attractions,Zoos & Aquariums,,
160,179,150,Bars & Restaurants,Attractions,Bars & Restaurants,,
161,181,150,Casinos & Gambling,Attractions,Casinos & Gambling,,
162,161,150,Party Supplies and Decorations,Shopping,Party Supplies and Decorations,,
163,163,163,Personal Celebrations & Life Events,Personal Celebrations & Life Events,,,
164,164,163,Anniversary,Personal Celebrations & Life Events,Anniversary,,
165,165,163,Wedding,Personal Celebrations & Life Events,Wedding,,
166,166,163,Baby Shower,Personal Celebrations & Life Events,Baby Shower,,
167,167,163,Bachelor Party,Personal Celebrations & Life Events,Bachelor Party,,
168,168,163,Bachelorette Party,Personal Celebrations & Life Events,Bachelorette Party,,
169,169,163,Birth,Personal Celebrations & Life Events,Birth,,
170,170,163,Birthday,Personal Celebrations & Life Events,Birthday,,
171,171,163,Funeral,Personal Celebrations & Life Events,Funeral,,
172,172,163,Graduation,Personal Celebrations & Life Events,Graduation,,
173,173,163,Prom,Personal Celebrations & Life Events,Prom,,
174,186,186,Family and Relationships,Family and Relationships,,,
175,187,186,Bereavement,Family and Relationships,Bereavement,,
176,188,186,Dating,Family and Relationships,Dating,,
177,189,186,Divorce,Family and Relationships,Divorce,,
178,190,186,Eldercare,Family and Relationships,Eldercare,,
179,191,186,Marriage and Civil Unions,Family and Relationships,Marriage and Civil Unions,,
180,192,186,Parenting,Family and Relationships,Parenting,,
181,193,192,Adoption and Fostering,Family and Relationships,Parenting,Adoption and Fostering,
182,194,192,Daycare and Pre-School,Family and Relationships,Parenting,Daycare and Pre-School,
183,195,192,Internet Safety,Family and Relationships,Parenting,Internet Safety,
184,196,192,Parenting Babies and Toddlers,Family and Relationships,Parenting,Parenting Babies and Toddlers,
185,197,192,Parenting Children Aged 4-11,Family and Relationships,Parenting,Parenting Children Aged 4-11,
186,198,192,Parenting Teens,Family and Relationships,Parenting,Parenting Teens,
187,199,192,Special Needs Kids,Family and Relationships,Parenting,Special Needs Kids,
188,200,186,Single Life,Family and Relationships,Single Life,,
189,201,,Fine Art,Fine Art,,,
190,202,201,Costume,Fine Art,Costume,,
191,203,201,Dance,Fine Art,Dance,,
192,204,201,Design,Fine Art,Design,,
193,205,201,Digital Arts,Fine Art,Digital Arts,,
194,206,201,Fine Art Photography,Fine Art,Fine Art Photography,,
195,207,201,Modern Art,Fine Art,Modern Art,,
196,208,201,Opera,Fine Art,Opera,,
197,209,201,Theater,Fine Art,Theater,,
198,210,,Food & Drink,Food & Drink,,,
199,211,210,Alcoholic Beverages,Food & Drink,Alcoholic Beverages,,
200,212,210,Vegan Diets,Food & Drink,Vegan Diets,,
201,213,210,Vegetarian Diets,Food & Drink,Vegetarian Diets,,
202,214,210,World Cuisines,Food & Drink,World Cuisines,,
203,215,210,Barbecues and Grilling,Food & Drink,Barbecues and Grilling,,
204,216,210,Cooking,Food & Drink,Cooking,,
205,217,210,Desserts and Baking,Food & Drink,Desserts and Baking,,
206,218,210,Dining Out,Food & Drink,Dining Out,,
207,219,210,Food Allergies,Food & Drink,Food Allergies,,
208,220,210,Food Movements,Food & Drink,Food Movements,,
209,221,210,Healthy Cooking and Eating,Food & Drink,Healthy Cooking and Eating,,
210,222,210,Non-Alcoholic Beverages,Food & Drink,Non-Alcoholic Beverages,,
211,223,,Healthy Living,Healthy Living,,,
212,224,223,Children's Health,Healthy Living,Children's Health,,
213,225,223,Fitness and Exercise,Healthy Living,Fitness and Exercise,,
214,226,225,Participant Sports,Healthy Living,Fitness and Exercise,Participant Sports,
215,227,225,Running and Jogging,Healthy Living,Fitness and Exercise,Running and Jogging,
216,228,223,Men's Health,Healthy Living,Men's Health,,
217,229,223,Nutrition,Healthy Living,Nutrition,,
218,230,223,Senior Health,Healthy Living,Senior Health,,
219,231,223,Weight Loss,Healthy Living,Weight Loss,,
220,232,223,Wellness,Healthy Living,Wellness,,
221,233,232,Alternative Medicine,Healthy Living,Wellness,Alternative Medicine,
222,234,233,Herbs and Supplements,Healthy Living,Wellness,Alternative Medicine,Herbs and Supplements
223,235,233,Holistic Health,Healthy Living,Wellness,Alternative Medicine,Holistic Health
224,236,232,Physical Therapy,Healthy Living,Wellness,Physical Therapy,
225,237,232,Smoking Cessation,Healthy Living,Wellness,Smoking Cessation,
226,238,223,Women's Health,Healthy Living,Women's Health,,
227,239,,Hobbies & Interests,Hobbies & Interests,,,
228,240,239,Antiquing and Antiques,Hobbies & Interests,Antiquing and Antiques,,
229,241,239,Magic and Illusion,Hobbies & Interests,Magic and Illusion,,
230,242,239,Model Toys,Hobbies & Interests,Model Toys,,
231,243,239,Musical Instruments,Hobbies & Interests,Musical Instruments,,
232,244,239,Paranormal Phenomena,Hobbies & Interests,Paranormal Phenomena,,
233,245,239,Radio Control,Hobbies & Interests,Radio Control,,
234,246,239,Sci-fi and Fantasy,Hobbies & Interests,Sci-fi and Fantasy,,
235,247,239,Workshops and Classes,Hobbies & Interests,Workshops and Classes,,
236,248,239,Arts and Crafts,Hobbies & Interests,Arts and Crafts,,
237,249,248,Beadwork,Hobbies & Interests,Arts and Crafts,Beadwork,
238,250,248,Candle and Soap Making,Hobbies & Interests,Arts and Crafts,Candle and Soap Making,
239,251,248,Drawing and Sketching,Hobbies & Interests,Arts and Crafts,Drawing and Sketching,
240,252,248,Jewelry Making,Hobbies & Interests,Arts and Crafts,Jewelry Making,
241,253,248,Needlework,Hobbies & Interests,Arts and Crafts,Needlework,
242,254,248,Painting,Hobbies & Interests,Arts and Crafts,Painting,
243,255,248,Photography,Hobbies & Interests,Arts and Crafts,Photography,
244,256,248,Scrapbooking,Hobbies & Interests,Arts and Crafts,Scrapbooking,
245,257,248,Woodworking,Hobbies & Interests,Arts and Crafts,Woodworking,
246,258,239,Beekeeping,Hobbies & Interests,Beekeeping,,
247,259,239,Birdwatching,Hobbies & Interests,Birdwatching,,
248,260,239,Cigars,Hobbies & Interests,Cigars,,
249,261,239,Collecting,Hobbies & Interests,Collecting,,
250,262,261,Comic Books,Hobbies & Interests,Collecting,Comic Books,
251,263,261,Stamps and Coins,Hobbies & Interests,Collecting,Stamps and Coins,
252,264,239,Content Production,Hobbies & Interests,Content Production,,
253,265,264,Audio Production,Hobbies & Interests,Content Production,Audio Production,
254,266,264,Freelance Writing,Hobbies & Interests,Content Production,Freelance Writing,
255,267,264,Screenwriting,Hobbies & Interests,Content Production,Screenwriting,
256,268,264,Video Production,Hobbies & Interests,Content Production,Video Production,
257,269,239,Games and Puzzles,Hobbies & Interests,Games and Puzzles,,
258,270,269,Board Games and Puzzles,Hobbies & Interests,Games and Puzzles,Board Games and Puzzles,
259,271,269,Card Games,Hobbies & Interests,Games and Puzzles,Card Games,
260,272,269,Roleplaying Games,Hobbies & Interests,Games and Puzzles,Roleplaying Games,
261,273,239,Genealogy and Ancestry,Hobbies & Interests,Genealogy and Ancestry,,
262,274,,Home & Garden,Home & Garden,,,
263,275,274,Gardening,Home & Garden,Gardening,,
264,276,274,Remodeling & Construction,Home & Garden,Remodeling & Construction,,
265,277,274,Smart Home,Home & Garden,Smart Home,,
266,278,274,Home Appliances,Home & Garden,Home Appliances,,
267,279,274,Home Entertaining,Home & Garden,Home Entertaining,,
268,280,274,Home Improvement,Home & Garden,Home Improvement,,
269,281,274,Home Security,Home & Garden,Home Security,,
270,282,274,Indoor Environmental Quality,Home & Garden,Indoor Environmental Quality,,
271,283,274,Interior Decorating,Home & Garden,Interior Decorating,,
272,284,274,Landscaping,Home & Garden,Landscaping,,
273,285,274,Outdoor Decorating,Home & Garden,Outdoor Decorating,,
274,286,,Medical Health,Medical Health,,,
275,287,286,Diseases and Conditions,Medical Health,Diseases and Conditions,,
276,288,287,Allergies,Medical Health,Diseases and Conditions,Allergies,
277,289,287,"Ear, Nose and Throat Conditions",Medical Health,Diseases and Conditions,"Ear, Nose and Throat Conditions",
278,290,287,Endocrine and Metabolic Diseases,Medical Health,Diseases and Conditions,Endocrine and Metabolic Diseases,
279,291,290,Hormonal Disorders,Medical Health,Diseases and Conditions,Endocrine and Metabolic Diseases,Hormonal Disorders
280,292,290,Menopause,Medical Health,Diseases and Conditions,Endocrine and Metabolic Diseases,Menopause
281,293,290,Thyroid Disorders,Medical Health,Diseases and Conditions,Endocrine and Metabolic Diseases,Thyroid Disorders
282,294,287,Eye and Vision Conditions,Medical Health,Diseases and Conditions,Eye and Vision Conditions,
283,295,287,Foot Health,Medical Health,Diseases and Conditions,Foot Health,
284,296,287,Heart and Cardiovascular Diseases,Medical Health,Diseases and Conditions,Heart and Cardiovascular Diseases,
285,297,287,Infectious Diseases,Medical Health,Diseases and Conditions,Infectious Diseases,
286,298,287,Injuries,Medical Health,Diseases and Conditions,Injuries,
287,299,298,First Aid,Medical Health,Diseases and Conditions,Injuries,First Aid
288,300,287,Lung and Respiratory Health,Medical Health,Diseases and Conditions,Lung and Respiratory Health,
289,301,287,Mental Health,Medical Health,Diseases and Conditions,Mental Health,
290,302,287,Reproductive Health,Medical Health,Diseases and Conditions,Reproductive Health,
291,303,302,Birth Control,Medical Health,Diseases and Conditions,Reproductive Health,Birth Control
292,304,302,Infertility,Medical Health,Diseases and Conditions,Reproductive Health,Infertility
293,305,302,Pregnancy,Medical Health,Diseases and Conditions,Reproductive Health,Pregnancy
294,306,287,Blood Disorders,Medical Health,Diseases and Conditions,Blood Disorders,
295,307,287,Sexual Health,Medical Health,Diseases and Conditions,Sexual Health,
296,308,307,Sexual Conditions,Medical Health,Diseases and Conditions,Sexual Health,Sexual Conditions
297,309,287,Skin and Dermatology,Medical Health,Diseases and Conditions,Skin and Dermatology,
298,310,287,Sleep Disorders,Medical Health,Diseases and Conditions,Sleep Disorders,
299,311,287,Substance Abuse,Medical Health,Diseases and Conditions,Substance Abuse,
300,312,287,Bone and Joint Conditions,Medical Health,Diseases and Conditions,Bone and Joint Conditions,
301,313,287,Brain and Nervous System Disorders,Medical Health,Diseases and Conditions,Brain and Nervous System Disorders,
302,314,287,Cancer,Medical Health,Diseases and Conditions,Cancer,
303,315,287,Cold and Flu,Medical Health,Diseases and Conditions,Cold and Flu,
304,316,287,Dental Health,Medical Health,Diseases and Conditions,Dental Health,
305,317,287,Diabetes,Medical Health,Diseases and Conditions,Diabetes,
306,318,287,Digestive Disorders,Medical Health,Diseases and Conditions,Digestive Disorders,
307,319,286,Medical Tests,Medical Health,Medical Tests,,
308,320,286,Pharmaceutical Drugs,Medical Health,Pharmaceutical Drugs,,
309,321,286,Surgery,Medical Health,Surgery,,
310,322,286,Vaccines,Medical Health,Vaccines,,
311,323,286,Cosmetic Medical Services,Medical Health,Cosmetic Medical Services,,
312,JLBCU7,,Entertainment,,,,
313,324,JLBCU7,Movies,Entertainment,Movies,,
314,338,JLBCU7,Music,Entertainment,Music,,
315,339,338,Adult Contemporary Music,Music,Adult Contemporary Music,,
316,340,339,Soft AC Music,Music,Adult Contemporary Music,Soft AC Music,
317,341,339,Urban AC Music,Music,Adult Contemporary Music,Urban AC Music,
318,342,338,Adult Album Alternative,Music,Adult Album Alternative,,
319,343,338,Alternative Music,Music,Alternative Music,,
320,344,338,Children's Music,Music,Children's Music,,
321,345,338,Classic Hits,Music,Classic Hits,,
322,346,338,Classical Music,Music,Classical Music,,
323,347,338,College Radio,Music,College Radio,,
324,348,338,Comedy (Music and Audio),Music,Comedy (Music and Audio),,
325,349,338,Contemporary Hits/Pop/Top 40,Music,Contemporary Hits/Pop/Top 40,,
326,350,338,Country Music,Music,Country Music,,
327,351,338,Dance and Electronic Music,Music,Dance and Electronic Music,,
328,352,338,World/International Music,Music,World/International Music,,
329,353,338,Songwriters/Folk,Music,Songwriters/Folk,,
330,354,338,Gospel Music,Music,Gospel Music,,
331,355,338,Hip Hop Music,Music,Hip Hop Music,,
332,356,338,Inspirational/New Age Music,Music,Inspirational/New Age Music,,
333,357,338,Jazz,Music,Jazz,,
334,358,338,Oldies/Adult Standards,Music,Oldies/Adult Standards,,
335,359,338,Reggae,Music,Reggae,,
336,360,338,Blues,Music,Blues,,
337,361,338,Religious (Music and Audio),Music,Religious (Music and Audio),,
338,362,338,R&B/Soul/Funk,Music,R&B/Soul/Funk,,
339,363,338,Rock Music,Music,Rock Music,,
340,364,363,Album-oriented Rock,Music,Rock Music,Album-oriented Rock,
341,365,363,Alternative Rock,Music,Rock Music,Alternative Rock,
342,366,363,Classic Rock,Music,Rock Music,Classic Rock,
343,367,363,Hard Rock,Music,Rock Music,Hard Rock,
344,368,363,Soft Rock,Music,Rock Music,Soft Rock,
345,369,338,"Soundtracks, TV and Showtunes",Music,"Soundtracks, TV and Showtunes",,
346,377,338,Urban Contemporary Music,Music and Audio,Urban Contemporary Music,,
347,378,338,Variety (Music and Audio),Music and Audio,Variety (Music and Audio),,
348,380,,Crime,Crime,,,
349,381,,Disasters,Disasters,,,
350,383,,Law,Law,,,
351,386,,Politics,Politics,,,
352,387,386,Elections,Politics,Elections,,
353,388,386,Political Issues & Policy,Politics,Political Issues & policy,,
354,8YPBBL,386,Civic affairs,Politics,,,
355,389,,War and Conflicts,War and Conflicts,,,
356,391,,Personal Finance,Personal Finance,,,
357,392,391,Consumer Banking,Personal Finance,Consumer Banking,,
358,393,391,Financial Assistance,Personal Finance,Financial Assistance,,
359,394,393,Government Support and Welfare,Personal Finance,Financial Assistance,Government Support and Welfare,
360,395,393,Student Financial Aid,Personal Finance,Financial Assistance,Student Financial Aid,
361,396,391,Financial Planning,Personal Finance,Financial Planning,,
362,397,391,Frugal Living,Personal Finance,Frugal Living,,
363,398,391,Insurance,Personal Finance,Insurance,,
364,399,398,Health Insurance,Personal Finance,Insurance,Health Insurance,
365,400,398,Home Insurance,Personal Finance,Insurance,Home Insurance,
366,401,398,Life Insurance,Personal Finance,Insurance,Life Insurance,
367,402,398,Motor Insurance,Personal Finance,Insurance,Motor Insurance,
368,403,398,Pet Insurance,Personal Finance,Insurance,Pet Insurance,
369,404,398,Travel Insurance,Personal Finance,Insurance,Travel Insurance,
370,405,391,Personal Debt,Personal Finance,Personal Debt,,
371,406,405,Credit Cards,Personal Finance,Personal Debt,Credit Cards,
372,407,405,Home Financing,Personal Finance,Personal Debt,Home Financing,
373,408,405,Personal Loans,Personal Finance,Personal Debt,Personal Loans,
374,409,405,Student Loans,Personal Finance,Personal Debt,Student Loans,
375,410,391,Personal Investing,Personal Finance,Personal Investing,,
376,411,410,Hedge Funds,Personal Finance,Personal Investing,Hedge Funds,
377,412,410,Mutual Funds,Personal Finance,Personal Investing,Mutual Funds,
378,413,410,Options,Personal Finance,Personal Investing,Options,
379,414,410,Stocks and Bonds,Personal Finance,Personal Investing,Stocks and Bonds,
380,415,391,Personal Taxes,Personal Finance,Personal Taxes,,
381,416,391,Retirement Planning,Personal Finance,Retirement Planning,,
382,417,391,Home Utilities,Personal Finance,Home Utilities,,
383,418,417,Gas and Electric,Personal Finance,Home Utilities,Gas and Electric,
384,419,417,Internet Service Providers,Personal Finance,Home Utilities,Internet Service Providers,
385,420,417,Phone Services,Personal Finance,Home Utilities,Phone Services,
386,421,417,Water Services,Personal Finance,Home Utilities,Water Services,
387,422,,Pets,Pets,,,
388,423,422,Birds,Pets,Birds,,
389,424,422,Cats,Pets,Cats,,
390,425,422,Dogs,Pets,Dogs,,
391,426,422,Fish and Aquariums,Pets,Fish and Aquariums,,
392,427,422,Large Animals,Pets,Large Animals,,
393,428,422,Pet Adoptions,Pets,Pet Adoptions,,
394,429,422,Reptiles,Pets,Reptiles,,
395,430,422,Veterinary Medicine,Pets,Veterinary Medicine,,
396,431,422,Pet Supplies,Pets,Pet Supplies,,
397,432,,Pop Culture,Pop Culture,,,
398,433,432,Celebrity Deaths,Pop Culture,Celebrity Deaths,,
399,434,432,Celebrity Families,Pop Culture,Celebrity Families,,
400,435,432,Celebrity Homes,Pop Culture,Celebrity Homes,,
401,436,432,Celebrity Pregnancy,Pop Culture,Celebrity Pregnancy,,
402,437,432,Celebrity Relationships,Pop Culture,Celebrity Relationships,,
403,438,432,Celebrity Scandal,Pop Culture,Celebrity Scandal,,
404,439,432,Celebrity Style,Pop Culture,Celebrity Style,,
405,440,432,Humor and Satire,Pop Culture,Humor and Satire,,
406,441,,Real Estate,Real Estate,,,
407,442,441,Apartments,Real Estate,Apartments,,
408,443,441,Retail Property,Real Estate,Retail Property,,
409,444,441,Vacation Properties,Real Estate,Vacation Properties,,
410,445,441,Developmental Sites,Real Estate,Developmental Sites,,
411,446,441,Hotel Properties,Real Estate,Hotel Properties,,
412,447,441,Houses,Real Estate,Houses,,
413,448,441,Industrial Property,Real Estate,Industrial Property,,
414,449,441,Land and Farms,Real Estate,Land and Farms,,
415,450,441,Office Property,Real Estate,Office Property,,
416,451,441,Real Estate Buying and Selling,Real Estate,Real Estate Buying and Selling,,
417,452,441,Real Estate Renting and Leasing,Real Estate,Real Estate Renting and Leasing,,
418,453,,Religion & Spirituality,Religion & Spirituality,,,
419,454,453,Agnosticism,Religion & Spirituality,Agnosticism,,
420,455,453,Spirituality,Religion & Spirituality,Spirituality,,
421,456,453,Astrology,Religion & Spirituality,Astrology,,
422,457,453,Atheism,Religion & Spirituality,Atheism,,
423,458,453,Buddhism,Religion & Spirituality,Buddhism,,
424,459,453,Christianity,Religion & Spirituality,Christianity,,
425,460,453,Hinduism,Religion & Spirituality,Hinduism,,
426,461,453,Islam,Religion & Spirituality,Islam,,
427,462,453,Judaism,Religion & Spirituality,Judaism,,
428,463,453,Sikhism,Religion & Spirituality,Sikhism,,
429,464,,Science,Science,,,
430,465,464,Biological Sciences,Science,Biological Sciences,,
431,466,464,Chemistry,Science,Chemistry,,
432,467,464,Environment,Science,Environment,,
433,468,464,Genetics,Science,Genetics,,
434,469,464,Geography,Science,Geography,,
435,470,464,Geology,Science,Geology,,
436,471,464,Physics,Science,Physics,,
437,472,464,Space and Astronomy,Science,Space and Astronomy,,
438,390,464,Weather,Science,Weather,,
439,473,,Shopping,Shopping,,,
440,474,473,Coupons and Discounts,Shopping,Coupons and Discounts,,
441,475,473,Flower Shopping,Shopping,Flower Shopping,,
442,476,473,Gifts and Greetings Cards,Shopping,Gifts and Greetings Cards,,
443,477,473,Grocery Shopping,Shopping,Grocery Shopping,,
444,478,473,Holiday Shopping,Shopping,Holiday Shopping,,
445,479,473,Household Supplies,Shopping,Household Supplies,,
446,480,473,Lotteries and Scratchcards,Shopping,Lotteries and Scratchcards,,
447,481,473,Sales and Promotions,Shopping,Sales and Promotions,,
448,482,473,Children's Games and Toys,Shopping,Children's Games and Toys,,
449,483,,Sports,Sports,,,
450,484,483,American Football,Sports,American Football,,
451,485,483,Boxing,Sports,Boxing,,
452,486,483,Cheerleading,Sports,Cheerleading,,
453,487,483,College Sports,Sports,College Sports,,
454,488,487,College Football,Sports,College Sports,College Football,
455,489,487,College Basketball,Sports,College Sports,College Basketball,
456,490,487,College Baseball,Sports,College Sports,College Baseball,
457,491,483,Cricket,Sports,Cricket,,
458,492,483,Cycling,Sports,Cycling,,
459,493,483,Darts,Sports,Darts,,
460,494,483,Disabled Sports,Sports,Disabled Sports,,
461,495,483,Diving,Sports,Diving,,
462,496,483,Equine Sports,Sports,Equine Sports,,
463,497,483,Horse Racing,Sports,Equine Sports,Horse Racing,
464,498,483,Extreme Sports,Sports,Extreme Sports,,
465,499,498,Canoeing and Kayaking,Sports,Extreme Sports,Canoeing and Kayaking,
466,500,498,Climbing,Sports,Extreme Sports,Climbing,
467,501,498,Paintball,Sports,Extreme Sports,Paintball,
468,502,498,Scuba Diving,Sports,Extreme Sports,Scuba Diving,
469,503,498,Skateboarding,Sports,Extreme Sports,Skateboarding,
470,504,498,Snowboarding,Sports,Extreme Sports,Snowboarding,
471,505,498,Surfing and Bodyboarding,Sports,Extreme Sports,Surfing and Bodyboarding,
472,506,498,Waterskiing and Wakeboarding,Sports,Extreme Sports,Waterskiing and Wakeboarding,
473,507,483,Australian Rules Football,Sports,Australian Rules Football,,
474,508,483,Fantasy Sports,Sports,Fantasy Sports,,
475,509,483,Field Hockey,Sports,Field Hockey,,
476,510,483,Figure Skating,Sports,Figure Skating,,
477,511,483,Fishing Sports,Sports,Fishing Sports,,
478,512,483,Golf,Sports,Golf,,
479,513,483,Gymnastics,Sports,Gymnastics,,
480,514,483,Hunting and Shooting,Sports,Hunting and Shooting,,
481,515,483,Ice Hockey,Sports,Ice Hockey,,
482,516,483,Inline Skating,Sports,Inline Skating,,
483,517,483,Lacrosse,Sports,Lacrosse,,
484,518,483,Auto Racing,Sports,Auto Racing,,
485,519,518,Motorcycle Sports,Sports,Auto Racing,Motorcycle Sports,
486,520,483,Martial Arts,Sports,Martial Arts,,
487,521,483,Olympic Sports,Sports,Olympic Sports,,
488,522,521,Summer Olympic Sports,Sports,Olympic Sports,Summer Olympic Sports,
489,523,521,Winter Olympic Sports,Sports,Olympic Sports,Winter Olympic Sports,
490,524,483,Poker and Professional Gambling,Sports,Poker and Professional Gambling,,
491,525,483,Rodeo,Sports,Rodeo,,
492,526,483,Rowing,Sports,Rowing,,
493,527,483,Rugby,Sports,Rugby,,
494,528,527,Rugby League,Sports,Rugby,Rugby League,
495,529,527,Rugby Union,Sports,Rugby,Rugby Union,
496,530,483,Sailing,Sports,Sailing,,
497,531,483,Skiing,Sports,Skiing,,
498,532,483,Snooker/Pool/Billiards,Sports,Snooker/Pool/Billiards,,
499,533,483,Soccer,Sports,Soccer,,
500,534,483,Badminton,Sports,Badminton,,
501,535,483,Softball,Sports,Softball,,
502,536,483,Squash,Sports,Squash,,
503,537,483,Swimming,Sports,Swimming,,
504,538,483,Table Tennis,Sports,Table Tennis,,
505,539,483,Tennis,Sports,Tennis,,
506,540,483,Track and Field,Sports,Track and Field,,
507,541,483,Volleyball,Sports,Volleyball,,
508,542,483,Walking,Sports,Walking,,
509,543,483,Water Polo,Sports,Water Polo,,
510,544,483,Weightlifting,Sports,Weightlifting,,
511,545,483,Baseball,Sports,Baseball,,
512,546,483,Wrestling,Sports,Wrestling,,
513,547,483,Basketball,Sports,Basketball,,
514,548,483,Beach Volleyball,Sports,Beach Volleyball,,
515,549,483,Bodybuilding,Sports,Bodybuilding,,
516,550,483,Bowling,Sports,Bowling,,
517,551,483,Sports Equipment,Sports,Sports Equipment,,
518,552,,Style & Fashion,Style & Fashion,,,
519,553,552,Beauty,Style & Fashion,Beauty,,
520,554,553,Hair Care,Style & Fashion,Beauty,Hair Care,
521,555,553,Makeup and Accessories,Style & Fashion,Beauty,Makeup and Accessories,
522,556,553,Nail Care,Style & Fashion,Beauty,Nail Care,
523,557,553,Natural and Organic Beauty,Style & Fashion,Beauty,Natural and Organic Beauty,
524,558,553,Perfume and Fragrance,Style & Fashion,Beauty,Perfume and Fragrance,
525,559,553,Skin Care,Style & Fashion,Beauty,Skin Care,
526,560,552,Women's Fashion,Style & Fashion,Women's Fashion,,
527,561,560,Women's Accessories,Style & Fashion,Women's Fashion,Women's Accessories,
528,562,561,Women's Glasses,Style & Fashion,Women's Fashion,Women's Accessories,Women's Glasses
529,563,561,Women's Handbags and Wallets,Style & Fashion,Women's Fashion,Women's Accessories,Women's Handbags and Wallets
530,564,561,Women's Hats and Scarves,Style & Fashion,Women's Fashion,Women's Accessories,Women's Hats and Scarves
531,565,561,Women's Jewelry and Watches,Style & Fashion,Women's Fashion,Women's Accessories,Women's Jewelry and Watches
532,566,560,Women's Clothing,Style & Fashion,Women's Fashion,Women's Clothing,
533,567,566,Women's Business Wear,Style & Fashion,Women's Fashion,Women's Clothing,Women's Business Wear
534,568,566,Women's Casual Wear,Style & Fashion,Women's Fashion,Women's Clothing,Women's Casual Wear
535,569,566,Women's Formal Wear,Style & Fashion,Women's Fashion,Women's Clothing,Women's Formal Wear
536,570,566,Women's Intimates and Sleepwear,Style & Fashion,Women's Fashion,Women's Clothing,Women's Intimates and Sleepwear
537,571,566,Women's Outerwear,Style & Fashion,Women's Fashion,Women's Clothing,Women's Outerwear
538,572,566,Women's Sportswear,Style & Fashion,Women's Fashion,Women's Clothing,Women's Sportswear
539,573,560,Women's Shoes and Footwear,Style & Fashion,Women's Fashion,Women's Shoes and Footwear,
540,574,552,Body Art,Style & Fashion,Body Art,,
541,575,552,Children's Clothing,Style & Fashion,Children's Clothing,,
542,576,552,Designer Clothing,Style & Fashion,Designer Clothing,,
543,577,552,Fashion Trends,Style & Fashion,Fashion Trends,,
544,578,552,High Fashion,Style & Fashion,High Fashion,,
545,579,552,Men's Fashion,Style & Fashion,Men's Fashion,,
546,580,579,Men's Accessories,Style & Fashion,Men's Fashion,Men's Accessories,
547,581,580,Men's Jewelry and Watches,Style & Fashion,Men's Fashion,Men's Accessories,Men's Jewelry and Watches
548,582,579,Men's Clothing,Style & Fashion,Men's Fashion,Men's Clothing,
549,583,582,Men's Business Wear,Style & Fashion,Men's Fashion,Men's Clothing,Men's Business Wear
550,584,582,Men's Casual Wear,Style & Fashion,Men's Fashion,Men's Clothing,Men's Casual Wear
551,585,582,Men's Formal Wear,Style & Fashion,Men's Fashion,Men's Clothing,Men's Formal Wear
552,586,582,Men's Outerwear,Style & Fashion,Men's Fashion,Men's Clothing,Men's Outerwear
553,587,582,Men's Sportswear,Style & Fashion,Men's Fashion,Men's Clothing,Men's Sportswear
554,588,582,Men's Underwear and Sleepwear,Style & Fashion,Men's Fashion,Men's Clothing,Men's Underwear and Sleepwear
555,589,579,Men's Shoes and Footwear,Style & Fashion,Men's Fashion,Men's Shoes and Footwear,
556,590,552,Personal Care,Style & Fashion,Personal Care,,
557,591,590,Bath and Shower,Style & Fashion,Personal Care,Bath and Shower,
558,592,590,Deodorant and Antiperspirant,Style & Fashion,Personal Care,Deodorant and Antiperspirant,
559,593,590,Oral care,Style & Fashion,Personal Care,Oral care,
560,594,590,Shaving,Style & Fashion,Personal Care,Shaving,
561,595,552,Street Style,Style & Fashion,Street Style,,
562,596,,Technology & Computing,Technology & Computing,,,
563,597,596,Artificial Intelligence,Technology & Computing,Artificial Intelligence,,
564,598,596,Augmented Reality,Technology & Computing,Augmented Reality,,
565,599,596,Computing,Technology & Computing,Computing,,
566,600,599,Computer Networking,Technology & Computing,Computing,Computer Networking,
567,601,599,Computer Peripherals,Technology & Computing,Computing,Computer Peripherals,
568,602,599,Software and Applications,Technology & Computing,Computing,Computer Software and Applications,
569,603,602,3-D Graphics,Technology & Computing,Computing,Computer Software and Applications,3-D Graphics
570,604,602,Photo Editing Software,Technology & Computing,Computing,Computer Software and Applications,Photo Editing Software
571,605,602,Shareware and Freeware,Technology & Computing,Computing,Computer Software and Applications,Shareware and Freeware
572,606,602,Video Software,Technology & Computing,Computing,Computer Software and Applications,Video Software
573,607,602,Web Conferencing,Technology & Computing,Computing,Computer Software and Applications,Web Conferencing
574,608,602,Antivirus Software,Technology & Computing,Computing,Computer Software and Applications,Antivirus Software
575,609,602,Browsers,Technology & Computing,Computing,Computer Software and Applications,Browsers
576,610,602,Computer Animation,Technology & Computing,Computing,Computer Software and Applications,Computer Animation
577,611,602,Databases,Technology & Computing,Computing,Computer Software and Applications,Databases
578,612,602,Desktop Publishing,Technology & Computing,Computing,Computer Software and Applications,Desktop Publishing
579,613,602,Digital Audio,Technology & Computing,Computing,Computer Software and Applications,Digital Audio
580,614,602,Graphics Software,Technology & Computing,Computing,Computer Software and Applications,Graphics Software
581,615,602,Operating Systems,Technology & Computing,Computing,Computer Software and Applications,Operating Systems
582,80DV8O,602,Communication,,,,
583,WQC6HR,602,Maps & Navigation,,,,
584,W3CW2J,602,Productivity,,,,
585,616,599,Data Storage and Warehousing,Technology & Computing,Computing,Data Storage and Warehousing,
586,617,599,Desktops,Technology & Computing,Computing,Desktops,
587,618,599,Information and Network Security,Technology & Computing,Computing,Information and Network Security,
588,619,599,Internet,Technology & Computing,Computing,Internet,
589,620,619,Cloud Computing,Technology & Computing,Computing,Internet,Cloud Computing
590,621,619,Web Development,Technology & Computing,Computing,Internet,Web Development
591,622,619,Web Hosting,Technology & Computing,Computing,Internet,Web Hosting
592,623,619,Email,Technology & Computing,Computing,Internet,Email
593,624,619,Internet for Beginners,Technology & Computing,Computing,Internet,Internet for Beginners
594,625,619,Internet of Things,Technology & Computing,Computing,Internet,Internet of Things
595,626,619,IT and Internet Support,Technology & Computing,Computing,Internet,IT and Internet Support
596,627,619,Search,Technology & Computing,Computing,Internet,Search
597,628,619,Social Networking,Technology & Computing,Computing,Internet,Social Networking
598,629,619,Web Design and HTML,Technology & Computing,Computing,Internet,Web Design and HTML
599,630,599,Laptops,Technology & Computing,Computing,Laptops,
600,631,599,Programming Languages,Technology & Computing,Computing,Programming Languages,
601,632,596,Consumer Electronics,Technology & Computing,Consumer Electronics,,
602,633,632,Cameras and Camcorders,Technology & Computing,Consumer Electronics,Cameras and Camcorders,
603,634,632,Home Entertainment Systems,Technology & Computing,Consumer Electronics,Home Entertainment Systems,
604,635,632,Smartphones,Technology & Computing,Consumer Electronics,Smartphones,
605,636,632,Tablets and E-readers,Technology & Computing,Consumer Electronics,Tablets and E-readers,
606,637,632,Wearable Technology,Technology & Computing,Consumer Electronics,Wearable Technology,
607,638,596,Robotics,Technology & Computing,Robotics,,
608,639,596,Virtual & Augmented Reality,Technology & Computing,Virtual Reality,,
609,SPSHQ5,,Genres,,,,
610,641,SPSHQ5,Animation & Anime,Genres,Animation & Anime,,
611,642,SPSHQ5,Soap Opera,Genres,Soap Opera,,
612,643,SPSHQ5,Special Interest (Indie/Art House),Genres,Special Interest (Indie/Art House),,
613,645,SPSHQ5,Family/Children,Genres,Family/Children,,
614,646,SPSHQ5,Comedy,Genres,Comedy,,
615,647,SPSHQ5,Drama,Genres,Drama,,
616,648,SPSHQ5,Factual,Genres,Factual,,
617,651,SPSHQ5,Reality TV,Genres,Reality TV,,
618,652,SPSHQ5,Science Fiction,Genres,Science Fiction,,
619,325,SPSHQ5,Action/Adventure,Genres,Action/Adventure,,
620,326,SPSHQ5,Romance,Genres,Romance,,
621,331,SPSHQ5,Mystery,Genres,Mystery,,
622,332,SPSHQ5,Documentary,Genres,Documentary,,
623,336,SPSHQ5,Horror,Genres,Horror,,
624,EZWB7V,SPSHQ5,History,Genres,History,,
625,TIFQA5,SPSHQ5,Lifestyle,Genres,Lifestyle,,
626,A0AH3G,SPSHQ5,Talk Show,Genres,Talk Show,,
627,KHPC5A,,True Crime,Genres,True Crime,,
628,,SPSHQ5,Western,Genres,Western,,
629,335,SPSHQ5,Fantasy,Genres,Fantasy,,
630,156,SPSHQ5,Musicals,Genres,Musical,,
631,649,SPSHQ5,Holiday,Genres,Holiday,,
632,VKIV56,SPSHQ5,Nature,Genres,,,
633,370,SPSHQ5,Sports Radio,Genres,Sports Radio,,
634,371,SPSHQ5,Talk Radio,Genres,Talk Radio,,
635,376,SPSHQ5,Public Radio,Genres,Talk Radio,Public Radio,
636,44,SPSHQ5,Biographies,Genres,Biographies,,
637,51,SPSHQ5,Young Adult,Genres,Young Adult ,,
638,640,JLBCU7,Television,Television,,,
639,650,640,Music Video,Genres,Music Video,,
640,653,,Travel,Travel,,,
641,654,653,Travel Accessories,Travel,Travel Accessories,,
642,655,653,Travel Locations,Travel,Travel Locations,,
643,656,655,Africa Travel,Travel,Travel Locations,Africa Travel,
644,657,655,Asia Travel,Travel,Travel Locations,Asia Travel,
645,658,655,Australia and Oceania Travel,Travel,Travel Locations,Australia and Oceania Travel,
646,659,655,Europe Travel,Travel,Travel Locations,Europe Travel,
647,660,655,North America Travel,Travel,Travel Locations,North America Travel,
648,661,655,Polar Travel,Travel,Travel Locations,Polar Travel,
649,662,655,South America Travel,Travel,Travel Locations,South America Travel,
650,663,653,Travel Preparation and Advice,Travel,Travel Preparation and Advice,,
651,664,653,Travel Type,Travel,Travel Type,,
652,665,664,Adventure Travel,Travel,Travel Type,Adventure Travel,
653,666,664,Family Travel,Travel,Travel Type,Family Travel,
654,667,664,Honeymoons and Getaways,Travel,Travel Type,Honeymoons and Getaways,
655,668,664,Hotels and Motels,Travel,Travel Type,Hotels and Motels,
656,669,664,Rail Travel,Travel,Travel Type,Rail Travel,
657,670,664,Road Trips,Travel,Travel Type,Road Trips,
658,671,664,Spas,Travel,Travel Type,Spas,
659,672,664,Air Travel,Travel,Travel Type,Air Travel,
660,673,664,Beach Travel,Travel,Travel Type,Beach Travel,
661,674,664,Bed & Breakfasts,Travel,Travel Type,Bed & Breakfasts,
662,675,664,Budget Travel,Travel,Travel Type,Budget Travel,
663,676,664,Business Travel,Travel,Travel Type,Business Travel,
664,677,664,Camping,Travel,Travel Type,Camping,
665,678,664,Cruises,Travel,Travel Type,Cruises,
666,679,664,Day Trips,Travel,Travel Type,Day Trips,
667,680,,Video Gaming,Video Gaming,,,
668,681,680,Console Games,Video Gaming,Console Games,,
669,682,680,eSports,Video Gaming,eSports,,
670,683,680,Mobile Games,Video Gaming,Mobile Games,,
671,684,680,PC Games,Video Gaming,PC Games,,
672,685,680,Video Game Genres,Video Gaming,Video Game Genres,,
673,686,685,Action Video Games,Video Gaming,Video Game Genres,Action Video Games,
674,687,685,Role-Playing Video Games,Video Gaming,Video Game Genres,Role-Playing Video Games,
675,688,685,Simulation Video Games,Video Gaming,Video Game Genres,Simulation Video Games,
676,689,685,Sports Video Games,Video Gaming,Video Game Genres,Sports Video Games,
677,690,685,Strategy Video Games,Video Gaming,Video Game Genres,Strategy Video Games,
678,691,685,Action-Adventure Video Games,Video Gaming,Video Game Genres,Action-Adventure Video Games,
679,692,685,Adventure Video Games,Video Gaming,Video Game Genres,Adventure Video Games,
680,693,685,Casual Games,Video Gaming,Video Game Genres,Casual Games,
681,694,685,Educational Video Games,Video Gaming,Video Game Genres,Educational Video Games,
682,695,685,Exercise and Fitness Video Games,Video Gaming,Video Game Genres,Exercise and Fitness Video Games,
683,696,685,MMOs,Video Gaming,Video Game Genres,MMOs,
684,697,685,Music and Party Video Games,Video Gaming,Video Game Genres,Music and Party Video Games,
685,698,685,Puzzle Video Games,Video Gaming,Video Game Genres,Puzzle Video Games,
686,MQ2XML,685,Adult Video Games,Video Gaming,Video Game Genres,Adult Video Games,
687,ZJG29S,685,Casino and Gambling Video Games,Video Gaming,Video Game Genres,Casino and Gambling Video Games,
688,VWGKS7,685,Family Video Games,Video Gaming,Video Game Genres,Family Video Games,
689,II436J,685,Horror Video Games,Video Gaming,Video Game Genres,Horror Video Games,
690,VK7KD0,685,Racing Video Games,Video Gaming,Video Game Genres,Racing Video Games,
691,v9i3On,,Sensitive Topics,,,,
692,Rm3SiT,v9i3On,Adult & Explicit Sexual Content,Sensitive Topics,,,
693,avbNf2,v9i3On,Arms & Ammunition,Sensitive Topics,,,
694,XtODT3,v9i3On,Crime & Harmful acts to individuals and Society and Human Right Violations,Sensitive Topics,,,
695,I4GWl6,v9i3On,"Death, Injury, or Military Conflict",Sensitive Topics,,,
696,mm3UXx,v9i3On,Online piracy ,Sensitive Topics,,,
697,HxqYV1,v9i3On,Hate speech & acts of aggression,Sensitive Topics,,,
698,j9PaO9,v9i3On,Obscenity and Profanity,Sensitive Topics,,,
699,pg0WhF,v9i3On,Illegal Drugs/Tobacco/eCigarettes/ Vaping/Alcohol,Sensitive Topics,,,
700,6i4dB6,v9i3On,Spam or Harmful Content,Sensitive Topics,,,
701,8FD8nI,v9i3On,Terrorism,Sensitive Topics,,,
702,Z7rJBM,v9i3On,Debated Sensitive Social Issues,Sensitive Topics,,,
